{"val_loss":0.36604467034339905,"val_acc":0.9420520067214966,"_timestamp":1.7493927306972928e+09,"_wandb":{"runtime":640},"_runtime":640.125675034,"_step":4900,"last_lr":4.209724779469485e-08,"train_loss":0.00018359239038545638}