{"train_loss":0.000274667632766068,"val_loss":0.3851728141307831,"val_acc":0.9411052465438843,"_timestamp":1.7492984397881837e+09,"_runtime":601.467634235,"_step":4900,"last_lr":5.2097245697438665e-08,"_wandb":{"runtime":601}}