{"_timestamp":1.7494396696803365e+09,"_wandb":{"runtime":3257},"val_acc":0.8330615758895874,"last_lr":4.209724779469485e-08,"train_loss":8.724907820578665e-05,"val_loss":1.1945524215698242,"_runtime":1619.43146325,"_step":4900}