{"_step":4900,"last_lr":4.68875211276948e-07,"train_loss":0.00046536661102436483,"val_loss":0.4176881015300751,"val_acc":0.9420958757400513,"_wandb":{"runtime":970},"_timestamp":1.7493061213920908e+09,"_runtime":970.808133208}