{"val_loss":0.3608391284942627,"val_acc":0.9436065554618835,"_timestamp":1.7492967077794254e+09,"_runtime":601.682881713,"_step":4900,"last_lr":4.209724779469485e-08,"_wandb":{"runtime":601},"train_loss":0.0003062115574721247}