{"val_acc":0.891832709312439,"_timestamp":1.7493963837253802e+09,"_runtime":958.950149043,"_step":4900,"last_lr":4.209724779469485e-08,"train_loss":4.964647359884111e-06,"_wandb":{"runtime":958},"val_loss":0.7099230885505676}