{"_runtime":334.730820779,"_step":2450,"_wandb":{"runtime":334},"last_lr":0.0003999999999999993,"train_loss":0.02693658322095871,"val_loss":0.3597205579280853,"val_acc":0.9017179608345032,"_timestamp":1.749284898727727e+09}