{"_step":4900,"_timestamp":1.7493894627108624e+09,"last_lr":4.209724779469485e-08,"train_loss":0.0002371483133174479,"val_loss":0.37393447756767273,"_runtime":624.404514796,"_wandb":{"runtime":1268},"val_acc":0.9418487548828124}