{"val_acc":0.94091796875,"_timestamp":1.7493073785565367e+09,"_runtime":970.787867242,"_step":4900,"_wandb":{"runtime":970},"last_lr":6.25166948369264e-07,"train_loss":0.00047486304538324475,"val_loss":0.3788354992866516}