{"_step":4900,"last_lr":4.209724779469485e-08,"train_loss":0.0003927516518160701,"val_loss":0.33839789032936096,"val_acc":0.9383708834648132,"_wandb":{"runtime":623},"_timestamp":1.74928684414e+09,"_runtime":623.481322144}