{"_wandb":{"runtime":586},"val_loss":0.7065765261650085,"val_acc":0.8821508288383484,"_timestamp":1.7493943808548863e+09,"_runtime":586.875860483,"_step":4900,"last_lr":4.209724779469485e-08,"train_loss":6.810963895986788e-06}