{"_step":4900,"last_lr":4.209724779469485e-08,"train_loss":8.724907820578665e-05,"val_loss":1.1945524215698242,"_wandb":{"runtime":1619},"val_acc":0.8330615758895874,"_timestamp":1.7494396696803365e+09,"_runtime":1619.43146325}