{"val_acc":0.937777042388916,"_timestamp":1.7492892891339712e+09,"_runtime":587.689062098,"_wandb":{"runtime":587},"_step":4900,"last_lr":4.209724779469485e-08,"train_loss":0.00031657717772759497,"val_loss":0.3135257959365845}