{"_wandb":{"runtime":36},"val_loss":1.1797471046447754,"val_acc":0.5829998254776001,"_timestamp":1.749392018224447e+09,"_runtime":36.172659339,"_step":147,"last_lr":0.0006352460396865205,"train_loss":1.174938678741455}