{"train_loss":0.011410094797611237,"val_loss":0.4043031632900238,"val_acc":0.9101064801216125,"_timestamp":1.7492861144952269e+09,"_runtime":610.743978742,"_step":4900,"_wandb":{"runtime":610},"last_lr":0.0003999999999999993}