{"_wandb":{"runtime":970},"last_lr":2.6048622848719334e-07,"train_loss":0.0005073683569207788,"val_loss":0.41499635577201843,"val_acc":0.9418107867240906,"_timestamp":1.7493050926201682e+09,"_runtime":970.800741815,"_step":4900}