{"last_lr":4.209724779469485e-08,"train_loss":0.013570145703852177,"val_loss":0.6167165637016296,"val_acc":0.8847058415412903,"_timestamp":1.749441709344388e+09,"_runtime":1633.637314552,"_wandb":{"runtime":1633},"_step":4900}