{"train_loss":0.00029797005117870867,"val_loss":0.40042543411254883,"val_acc":0.9391521215438843,"_wandb":{"runtime":976},"_timestamp":1.7493017048678296e+09,"_runtime":976.423387774,"_step":4900,"last_lr":5.2097245697438665e-08}