{"_wandb":{"runtime":905},"_runtime":905.850298944,"_step":4900,"last_lr":4.209724779469485e-08,"train_loss":2.4977196517284028e-05,"val_loss":0.6882948279380798,"val_acc":0.8963388204574585,"_timestamp":1.7494356125190406e+09}