{"val_loss":0.3608391284942627,"_runtime":601.682881713,"_step":4900,"_wandb":{"runtime":1237},"train_loss":0.0003062115574721247,"_timestamp":1.7492967077794254e+09,"last_lr":4.209724779469485e-08,"val_acc":0.9436065554618835}