{"val_acc":0.9409478902816772,"_timestamp":1.7493094542940674e+09,"_runtime":1711.452594196,"_step":4900,"last_lr":5.2097245697438665e-08,"train_loss":0.0002793437452055514,"val_loss":0.4182314872741699,"_wandb":{"runtime":1711}}