{"_timestamp":1.74928684414e+09,"_wandb":{"runtime":1267},"val_acc":0.9383708834648132,"val_loss":0.33839789032936096,"_step":4900,"last_lr":4.209724779469485e-08,"train_loss":0.0003927516518160701,"_runtime":623.481322144}