{"_step":4900,"last_lr":1.56291737092316e-07,"_wandb":{"runtime":604},"train_loss":0.00038943247636780143,"val_loss":0.4082619249820709,"val_acc":0.9403240084648132,"_timestamp":1.749299302901323e+09,"_runtime":604.724797961}