{"_timestamp":1.7493984881700556e+09,"_runtime":1702.825304594,"_step":4900,"last_lr":4.209724779469485e-08,"_wandb":{"runtime":1702},"train_loss":4.286357125238283e-06,"val_loss":0.7186128497123718,"val_acc":0.8944156765937805}