{"val_acc":0.9372747540473938,"_timestamp":1.749402737589247e+09,"_runtime":591.390908284,"_step":4900,"last_lr":4.209724779469485e-08,"_wandb":{"runtime":591},"train_loss":0.000526593707036227,"val_loss":0.4067903459072113}