{"val_loss":0.4482358992099762,"val_acc":0.924679160118103,"_timestamp":1.7494367418380914e+09,"_runtime":918.66090017,"_step":4900,"last_lr":4.209724779469485e-08,"train_loss":0.0012927441857755184,"_wandb":{"runtime":918}}